Flight_No,Serial_Number,Booster_Version,Date,Time,Customer,Orbit,Payload_Mass,Launchsite,Launchoutcome,Landing,Longitude,Latitude,Reused,FlightCount,Block,GridFins,Legs,Day,Month,Year,Serial_Number_Encoded,Orbit_Encoded,Booster_Version_Encoded,Launchsite_Encoded,Block_Encoded,Reused_Encoded,marker_color
3,B0005,F9 v1.0,2012-05-22,07:44:00,NASA,LEO,525.0,"Cape Canaveral, SLC-40",1,0,-80.577366,28.561857,False,1,v1.0,0.0,0.0,1,5,2012,0,5,3,0,3,0,green
4,B0006,F9 v1.0,2012-10-08,00:35:00,NASA,LEO,4700.0,"Cape Canaveral, SLC-40",1,0,-80.577366,28.561857,False,1,v1.0,0.0,0.0,0,10,2012,1,5,3,0,3,0,green
5,B0007,F9 v1.0,2013-03-01,15:10:00,NASA,LEO,4877.0,"Cape Canaveral, SLC-40",1,0,-80.577366,28.561857,False,1,v1.0,0.0,0.0,4,3,2013,2,5,3,0,3,0,green
6,B1003,F9 v1.1,2013-09-29,16:00:00,MDA,Polar orbit LEO,500.0,"Vandenberg, SLC-4E",1,0,-120.610829,34.632093,False,1,v1.1,0.0,0.0,6,9,2013,3,9,4,2,4,0,green
7,B1004,F9 v1.1,2013-12-03,22:41:00,SES,GTO,3170.0,"Cape Canaveral, SLC-40",1,0,-80.577366,28.561857,False,1,v1.1,0.0,0.0,1,12,2013,4,2,4,0,4,0,green
8,B1005,F9 v1.1,2014-01-06,22:06:00,Thaicom,GTO,3325.0,"Cape Canaveral, SLC-40",1,0,-80.577366,28.561857,False,1,v1.1,0.0,0.0,0,1,2014,5,2,4,0,4,0,green
9,B1006,F9 v1.1,2014-04-18,19:25:00,NASA,LEO,2296.0,"Cape Canaveral, SLC-40",1,0,-80.577366,28.561857,False,1,v1.1,0.0,1.0,4,4,2014,6,5,4,0,4,0,green
10,B1007,F9 v1.1,2014-07-14,15:15:00,Orbcomm,LEO,1316.0,"Cape Canaveral, SLC-40",1,0,-80.577366,28.561857,False,1,v1.1,0.0,1.0,0,7,2014,7,5,4,0,4,0,green
11,B1008,F9 v1.1,2014-08-05,08:00:00,AsiaSat,GTO,4535.0,"Cape Canaveral, SLC-40",1,0,-80.577366,28.561857,False,1,v1.1,0.0,0.0,1,8,2014,8,2,4,0,4,0,green
12,B1011,F9 v1.1,2014-09-07,05:00:00,AsiaSat,GTO,4428.0,"Cape Canaveral, SLC-40",1,0,-80.577366,28.561857,False,1,v1.1,0.0,0.0,6,9,2014,10,2,4,0,4,0,green
13,B1010,F9 v1.1,2014-09-21,05:52:00,NASA,LEO,2216.0,"Cape Canaveral, SLC-40",1,0,-80.577366,28.561857,False,1,v1.1,0.0,0.0,6,9,2014,9,5,4,0,4,0,green
14,B1012,F9 v1.1,2015-01-10,09:47:00,NASA,LEO,2395.0,"Cape Canaveral, SLC-40",1,0,-80.577366,28.561857,False,1,v1.1,1.0,1.0,5,1,2015,11,5,4,0,4,0,green
15,B1013,F9 v1.1,2015-02-11,23:03:00,"USAF
NASA
NOAA",Sun–Earth L1 insertion,570.0,"Cape Canaveral, SLC-40",1,0,-80.577366,28.561857,False,1,v1.1,1.0,1.0,2,2,2015,12,13,4,0,4,0,green
16,B1014,F9 v1.1,2015-03-02,03:50:00,"ABS
Eutelsat",GTO,4159.0,"Cape Canaveral, SLC-40",1,0,-80.577366,28.561857,False,1,v1.1,0.0,0.0,0,3,2015,13,2,4,0,4,0,green
17,B1015,F9 v1.1,2015-04-14,20:10:00,NASA,LEO,1898.0,"Cape Canaveral, SLC-40",1,0,-80.577366,28.561857,False,1,v1.1,1.0,1.0,1,4,2015,14,5,4,0,4,0,green
18,B1016,F9 v1.1,2015-04-27,23:03:00,Turkmenistan NationalSpace Agency,GTO,4707.0,"Cape Canaveral, SLC-40",1,0,-80.577366,28.561857,False,1,v1.1,0.0,0.0,0,4,2015,15,2,4,0,4,0,green
19,B1018,F9 v1.1,2015-06-28,14:21:00,NASA,LEO,1952.0,"Cape Canaveral, SLC-40",0,0,-80.577366,28.561857,False,1,v1.1,1.0,1.0,6,6,2015,17,5,4,0,4,0,red
20,B1019,F9 FT,2015-12-22,01:29:00,Orbcomm,LEO,2034.0,"Cape Canaveral, SLC-40",1,1,-80.577366,28.561857,False,1,FT,1.0,1.0,1,12,2015,18,5,2,0,2,0,green
21,B1017,F9 v1.1,2016-01-17,18:42:00,"NASA 
NOAA
CNES",LEO,553.0,"Vandenberg, SLC-4E",1,0,-120.610829,34.632093,False,1,v1.1,1.0,1.0,6,1,2016,16,5,4,2,4,0,green
22,B1020,F9 FT,2016-03-04,23:35:00,SES,GTO,5271.0,"Cape Canaveral, SLC-40",1,0,-80.577366,28.561857,False,1,FT,1.0,1.0,4,3,2016,19,2,2,0,2,0,green
23,B1021,F9 FT,2016-04-08,20:43:00,NASA,LEO,3136.0,"Cape Canaveral, SLC-40",1,1,-80.577366,28.561857,True,1,FT,1.0,1.0,4,4,2016,20,5,2,0,2,1,green
24,B1022,F9 FT,2016-05-06,05:21:00,SKY Perfect JSAT Group,GTO,4696.0,"Cape Canaveral, SLC-40",1,1,-80.577366,28.561857,False,1,FT,1.0,1.0,4,5,2016,21,2,2,0,2,0,green
25,B1023,F9 FT,2016-05-27,21:39:00,Thaicom,GTO,3100.0,"Cape Canaveral, SLC-40",1,1,-80.577366,28.561857,True,1,FT,1.0,1.0,4,5,2016,22,2,2,0,2,1,green
26,B1024,F9 FT,2016-06-15,14:29:00,"ABS
Eutelsat",GTO,3600.0,"Cape Canaveral, SLC-40",1,0,-80.577366,28.561857,False,1,FT,1.0,1.0,2,6,2016,23,2,2,0,2,0,green
27,B1025,F9 FT,2016-07-18,04:45:00,NASA,LEO,2257.0,"Cape Canaveral, SLC-40",1,1,-80.577366,28.561857,True,1,FT,1.0,1.0,0,7,2016,24,5,2,0,2,1,green
28,B1026,F9 FT,2016-08-14,05:26:00,SKY Perfect JSAT Group,GTO,4600.0,"Cape Canaveral, SLC-40",1,1,-80.577366,28.561857,False,1,FT,1.0,1.0,6,8,2016,25,2,2,0,2,0,green
29,B1029,F9 FT,2017-01-14,17:54:00,Iridium Communications,Polar LEO,9600.0,"Vandenberg, SLC-4E",1,1,-120.610829,34.632093,True,1,FT,1.0,1.0,5,1,2017,26,8,2,2,2,1,green
30,B1031,F9 FT,2017-02-19,14:39:00,NASA,LEO,2490.0,"Kennedy, LC‑39A",1,1,-80.603956,28.608058,True,1,FT,1.0,1.0,6,2,2017,28,5,2,1,2,1,green
31,B1030,F9 FT,2017-03-16,06:00:00,EchoStar,GTO,5600.0,"Kennedy, LC‑39A",1,0,-80.603956,28.608058,False,1,FT,0.0,0.0,3,3,2017,27,2,2,1,2,0,green
32,B1021,F9 FT,2017-03-30,22:27:00,SES,GTO,5300.0,"Kennedy, LC‑39A",1,1,-80.603956,28.608058,True,2,FT,1.0,1.0,3,3,2017,20,2,2,1,2,1,green
34,B1034,F9 FT,2017-05-15,23:21:00,Inmarsat,GTO,6070.0,"Kennedy, LC‑39A",1,0,-80.603956,28.608058,True,1,FT,0.0,0.0,0,5,2017,30,2,2,1,2,1,green
35,B1035,F9 FT,2017-06-03,21:07:00,NASA,LEO,2708.0,"Kennedy, LC‑39A",1,1,-80.603956,28.608058,True,1,FT,1.0,1.0,5,6,2017,31,5,2,1,2,1,green
36,B1029,F9 FT,2017-06-23,19:10:00,Bulsatcom,GTO,3669.0,"Kennedy, LC‑39A",1,1,-80.603956,28.608058,True,2,FT,1.0,1.0,4,6,2017,26,2,2,1,2,1,green
37,B1036,F9 FT,2017-06-25,20:25:00,Iridium Communications,LEO,9600.0,"Vandenberg, SLC-4E",1,1,-120.610829,34.632093,True,1,FT,1.0,1.0,6,6,2017,32,5,2,2,2,1,green
38,B1037,F9 FT,2017-07-05,23:38:00,Intelsat,GTO,6761.0,"Kennedy, LC‑39A",1,0,-80.603956,28.608058,True,1,FT,0.0,0.0,2,7,2017,33,2,2,1,2,1,green
39,B1039,F9 B4,2017-08-14,16:31:00,NASA,LEO,3310.0,"Kennedy, LC‑39A",1,1,-80.603956,28.608058,True,1,B4,1.0,1.0,0,8,2017,35,5,0,1,0,1,green
40,B1038,F9 FT,2017-08-24,18:51:00,NSPO,SSO,475.0,"Vandenberg, SLC-4E",1,1,-120.610829,34.632093,True,1,FT,1.0,1.0,3,8,2017,34,11,2,2,2,1,green
41,B1040,F9 B4,2017-09-07,14:00:00,USAF,LEO,4990.0,"Kennedy, LC‑39A",1,1,-80.603956,28.608058,True,1,B4,1.0,1.0,3,9,2017,36,5,0,1,0,1,green
42,B1041,F9 B4,2017-10-09,12:37:00,Iridium Communications,Polar LEO,9600.0,"Vandenberg, SLC-4E",1,1,-120.610829,34.632093,True,1,B4,1.0,1.0,0,10,2017,37,8,0,2,0,1,green
43,B1031,F9 FT,2017-10-11,22:53:00,"SES S.A.
EchoStar",GTO,5400.0,"Kennedy, LC‑39A",1,1,-80.603956,28.608058,True,2,FT,1.0,1.0,2,10,2017,28,2,2,1,2,1,green
44,B1042,F9 B4,2017-10-30,19:34:00,KT Corporation,GTO,3500.0,"Kennedy, LC‑39A",1,1,-80.603956,28.608058,True,1,B4,1.0,1.0,0,10,2017,38,2,0,1,0,1,green
45,B1035,F9 FT,2017-12-15,15:36:00,NASA,LEO,2205.0,"Cape Canaveral, SLC-40",1,1,-80.577366,28.561857,True,2,FT,1.0,1.0,4,12,2017,31,5,2,0,2,1,green
46,B1036,F9 FT,2017-12-23,01:27:00,Iridium Communications,Polar LEO,9600.0,"Vandenberg, SLC-4E",1,0,-120.610829,34.632093,True,2,FT,1.0,0.0,5,12,2017,32,8,2,2,2,1,green
48,B1032,F9 FT,2018-01-31,21:25:00,SES,GTO,4230.0,"Cape Canaveral, SLC-40",1,0,-80.577366,28.561857,True,2,FT,1.0,1.0,2,1,2018,29,2,2,0,2,1,green
49,B1038,F9 FT,2018-02-22,14:17:00,"Hisdesat
exactEarth",SSO,2150.0,"Vandenberg, SLC-4E",1,0,-120.610829,34.632093,True,2,FT,1.0,1.0,3,2,2018,34,11,2,2,2,1,green
50,B1044,F9 B4,2018-03-06,05:33:00,"Hispasat
NovaWurks",GTO,6092.0,"Cape Canaveral, SLC-40",1,0,-80.577366,28.561857,True,1,B4,1.0,1.0,1,3,2018,40,2,0,0,0,1,green
51,B1041,F9 B4,2018-03-30,14:14:00,Iridium Communications,Polar LEO,9600.0,"Vandenberg, SLC-4E",1,0,-120.610829,34.632093,True,2,B4,1.0,1.0,4,3,2018,37,8,0,2,0,1,green
52,B1039,F9 B4,2018-04-02,20:30:00,NASA,LEO,2647.0,"Cape Canaveral, SLC-40",1,0,-80.577366,28.561857,True,2,B4,1.0,1.0,0,4,2018,35,5,0,0,0,1,green
53,B1045,F9 B4,2018-04-18,22:51:00,NASA,HEO for P/2 orbit,362.0,"Cape Canaveral, SLC-40",1,1,-80.577366,28.561857,True,1,B4,1.0,1.0,2,4,2018,41,3,0,0,0,1,green
54,B1046,F9 B5,2018-05-11,20:14:00,Thales-Alenia / BTRC,GTO,3600.0,"Kennedy, LC‑39A",1,1,-80.603956,28.608058,True,1,B5,1.0,1.0,4,5,2018,42,2,1,1,1,1,green
55,B1043,F9 B4,2018-05-22,19:47:00,"Iridium Communications
GFZ • NASA",Polar LEO,6460.0,"Vandenberg, SLC-4E",1,0,-120.610829,34.632093,True,2,B4,1.0,1.0,1,5,2018,39,8,0,2,0,1,green
56,B1040,F9 B4,2018-06-04,04:45:00,SES,GTO,5384.0,"Cape Canaveral, SLC-40",1,0,-80.577366,28.561857,True,2,B4,0.0,0.0,0,6,2018,36,2,0,0,0,1,green
57,B1045,F9 B4,2018-06-29,09:42:00,NASA,LEO,2697.0,"Cape Canaveral, SLC-40",1,0,-80.577366,28.561857,True,2,B4,0.0,0.0,4,6,2018,41,5,0,0,0,1,green
58,B1047,F9 B5,2018-07-22,05:50:00,Telesat,GTO,7075.0,"Cape Canaveral, SLC-40",1,1,-80.577366,28.561857,True,1,B5,1.0,1.0,6,7,2018,43,2,1,0,1,1,green
59,B1048,F9 B5,2018-07-25,11:39:00,Iridium Communications,Polar LEO,9600.0,"Vandenberg, SLC-4E",1,1,-120.610829,34.632093,True,1,B5,1.0,1.0,2,7,2018,44,8,1,2,1,1,green
60,B1046,F9 B5,2018-08-07,05:18:00,Telkom Indonesia,GTO,5800.0,"Cape Canaveral, SLC-40",1,1,-80.577366,28.561857,True,2,B5,1.0,1.0,1,8,2018,42,2,1,0,1,1,green
61,B1049,F9 B5,2018-09-10,04:45:00,Telesat,GTO,7060.0,"Cape Canaveral, SLC-40",1,1,-80.577366,28.561857,True,1,B5,1.0,1.0,0,9,2018,45,2,1,0,1,1,green
62,B1048,F9 B5,2018-10-08,02:22:00,CONAE,SSO,3000.0,"Vandenberg, SLC-4E",1,1,-120.610829,34.632093,True,2,B5,1.0,1.0,0,10,2018,44,11,1,2,1,1,green
63,B1047,F9 B5,2018-11-15,20:46:00,Es'hailSat,GTO,5300.0,"Kennedy, LC‑39A",1,1,-80.603956,28.608058,True,2,B5,1.0,1.0,3,11,2018,43,2,1,1,1,1,green
64,B1046,F9 B5,2018-12-03,18:34:00,Spaceflight Industries,SSO,4000.0,"Vandenberg, SLC-4E",1,1,-120.610829,34.632093,True,3,B5,1.0,1.0,0,12,2018,42,11,1,2,1,1,green
65,B1050,F9 B5,2018-12-05,18:16:00,NASA,LEO,2500.0,"Cape Canaveral, SLC-40",1,0,-80.577366,28.561857,False,1,B5,1.0,1.0,2,12,2018,46,5,1,0,1,0,green
66,B1054,F9 B5,2018-12-23,13:51:00,USAF,MEO,4400.0,"Cape Canaveral, SLC-40",1,0,-80.577366,28.561857,False,1,B5,0.0,0.0,6,12,2018,49,6,1,0,1,0,green
67,B1049,F9 B5,2019-01-11,15:31:00,Iridium Communications,Polar LEO,9600.0,"Vandenberg, SLC-4E",1,1,-120.610829,34.632093,True,2,B5,1.0,1.0,4,1,2019,45,8,1,2,1,1,green
68,B1048,F9 B5,2019-02-22,01:45:00,"PSN
SpaceIL / IAI
Air Force Research",GTO,4850.0,"Cape Canaveral, SLC-40",1,1,-80.577366,28.561857,True,3,B5,1.0,1.0,4,2,2019,44,2,1,0,1,1,green
69,B1051,F9 B5,2019-03-02,07:49:00,NASA,LEO,12055.0,"Kennedy, LC‑39A",1,1,-80.603956,28.608058,True,1,B5,1.0,1.0,5,3,2019,47,5,1,1,1,1,green
70,B1056,F9 B5,2019-05-04,06:48:00,NASA,LEO,2495.0,"Cape Canaveral, SLC-40",1,1,-80.577366,28.561857,True,1,B5,1.0,1.0,5,5,2019,50,5,1,0,1,1,green
71,B1049,F9 B5,2019-05-24,02:30:00,SpaceX,LEO,13620.0,"Cape Canaveral, SLC-40",1,1,-80.577366,28.561857,True,2,B5,1.0,1.0,4,5,2019,45,5,1,0,1,1,green
72,B1051,F9 B5,2019-06-12,14:17:00,Canadian Space Agency,SSO,4200.0,"Vandenberg, SLC-4E",1,1,-120.610829,34.632093,True,2,B5,1.0,1.0,2,6,2019,47,11,1,2,1,1,green
73,B1056,F9 B5,2019-07-25,22:01:00,NASA,LEO,2268.0,"Cape Canaveral, SLC-40",1,1,-80.577366,28.561857,True,2,B5,1.0,1.0,3,7,2019,50,5,1,0,1,1,green
74,B1047,F9 B5,2019-08-06,23:23:00,Spacecom,GTO,6500.0,"Cape Canaveral, SLC-40",1,0,-80.577366,28.561857,True,2,B5,0.0,0.0,1,8,2019,43,2,1,0,1,1,green
75,B1048,F9 B5,2019-11-11,14:56:00,SpaceX,LEO,15600.0,"Cape Canaveral, SLC-40",1,1,-80.577366,28.561857,True,4,B5,1.0,1.0,0,11,2019,44,5,1,0,1,1,green
76,B1059,F9 B5,2019-12-05,17:29:00,NASA,LEO,2617.0,"Cape Canaveral, SLC-40",1,1,-80.577366,28.561857,True,1,B5,1.0,1.0,3,12,2019,52,5,1,0,1,1,green
77,B1056,F9 B5,2019-12-17,00:10:00,Sky Perfect JSATKacific 1,GTO,6956.0,"Cape Canaveral, SLC-40",1,1,-80.577366,28.561857,True,2,B5,1.0,1.0,1,12,2019,50,2,1,0,1,1,green
78,B1049,F9 B5,2020-01-07,02:19:00,SpaceX,LEO,15600.0,"Cape Canaveral, SLC-40",1,1,-80.577366,28.561857,True,4,B5,1.0,1.0,1,1,2020,45,5,1,0,1,1,green
79,B1046,F9 B5,2020-01-19,15:30:00,NASA,Sub-orbital,12050.0,"Kennedy, LC‑39A",0,0,-80.603956,28.608058,True,4,B5,0.0,0.0,6,1,2020,42,12,1,1,1,1,red
80,B1051,F9 B5,2020-01-29,14:07:00,SpaceX,LEO,15600.0,"Cape Canaveral, SLC-40",1,1,-80.577366,28.561857,True,3,B5,1.0,1.0,2,1,2020,47,5,1,0,1,1,green
81,B1056,F9 B5,2020-02-17,15:05:00,SpaceX,LEO,15600.0,"Cape Canaveral, SLC-40",1,0,-80.577366,28.561857,True,4,B5,1.0,1.0,0,2,2020,50,5,1,0,1,1,green
82,B1059,F9 B5,2020-03-07,04:50:00,NASA,LEO,1977.0,"Cape Canaveral, SLC-40",1,1,-80.577366,28.561857,True,2,B5,1.0,1.0,5,3,2020,52,5,1,0,1,1,green
83,B1048,F9 B5,2020-03-18,12:16:00,SpaceX,LEO,15600.0,"Kennedy, LC‑39A",1,0,-80.603956,28.608058,True,5,B5,1.0,1.0,2,3,2020,44,5,1,1,1,1,green
84,B1051,F9 B5,2020-04-22,19:30:00,SpaceX,LEO,15600.0,"Kennedy, LC‑39A",1,1,-80.603956,28.608058,True,4,B5,1.0,1.0,2,4,2020,47,5,1,1,1,1,green
85,B1058,F9 B5,2020-05-30,19:22:00,NASA,LEO,12530.0,"Kennedy, LC‑39A",1,1,-80.603956,28.608058,True,1,B5,1.0,1.0,5,5,2020,51,5,1,1,1,1,green
86,B1049,F9 B5,2020-06-04,01:25:00,SpaceX,LEO,15600.0,"Cape Canaveral, SLC-40",1,1,-80.577366,28.561857,True,5,B5,1.0,1.0,3,6,2020,45,5,1,0,1,1,green
87,B1059,F9 B5,2020-06-13,09:21:00,SpaceX,LEO,15410.0,"Cape Canaveral, SLC-40",1,1,-80.577366,28.561857,True,3,B5,1.0,1.0,5,6,2020,52,5,1,0,1,1,green
88,B1060,F9 B5,2020-06-30,20:10:00,U.S. Space Force,MEO,4311.0,"Cape Canaveral, SLC-40",1,1,-80.577366,28.561857,True,1,B5,1.0,1.0,1,6,2020,53,6,1,0,1,1,green
90,B1051,F9 B5,2020-08-07,05:12:00,SpaceX,LEO,5500.0,"Kennedy, LC‑39A",1,1,-80.603956,28.608058,True,5,B5,1.0,1.0,4,8,2020,47,5,1,1,1,1,green
91,B1049,F9 B5,2020-08-18,14:31:00,SpaceX,LEO,15440.0,"Cape Canaveral, SLC-40",1,1,-80.577366,28.561857,True,6,B5,1.0,1.0,1,8,2020,45,5,1,0,1,1,green
92,B1059,F9 B5,2020-08-30,23:18:00,CONAEPlanetIQTyvak,SSO,3130.0,"Cape Canaveral, SLC-40",1,1,-80.577366,28.561857,True,4,B5,1.0,1.0,6,8,2020,52,11,1,0,1,1,green
93,B1060,F9 B5,2020-09-03,12:46:00,SpaceX,LEO,15600.0,"Kennedy, LC‑39A",1,1,-80.603956,28.608058,True,2,B5,1.0,1.0,3,9,2020,53,5,1,1,1,1,green
94,B1058,F9 B5,2020-10-06,11:29:00,SpaceX,LEO,15600.0,"Kennedy, LC‑39A",1,1,-80.603956,28.608058,True,3,B5,1.0,1.0,1,10,2020,51,5,1,1,1,1,green
95,B1051,F9 B5,2020-10-18,12:25:00,SpaceX,LEO,15600.0,"Kennedy, LC‑39A",1,1,-80.603956,28.608058,True,6,B5,1.0,1.0,6,10,2020,47,5,1,1,1,1,green
96,B1060,F9 B5,2020-10-24,15:31:00,SpaceX,LEO,15600.0,"Cape Canaveral, SLC-40",1,1,-80.577366,28.561857,True,3,B5,1.0,1.0,5,10,2020,53,5,1,0,1,1,green
97,B1062,F9 B5,2020-11-05,23:24:00,USSF,MEO,4311.0,"Cape Canaveral, SLC-40",1,1,-80.577366,28.561857,True,1,B5,1.0,1.0,3,11,2020,55,6,1,0,1,1,green
98,B1061,F9 B5,2020-11-16,00:27:00,NASA,LEO,12500.0,"Kennedy, LC‑39A",1,1,-80.603956,28.608058,True,1,B5,1.0,1.0,0,11,2020,54,5,1,1,1,1,green
99,B1063,F9 B5,2020-11-21,17:17:00,NASA / NOAA / ESA / EUMETSAT,LEO,1192.0,"Vandenberg, SLC-4E",1,1,-120.610829,34.632093,True,1,B5,1.0,1.0,5,11,2020,56,5,1,2,1,1,green
100,B1049,F9 B5,2020-11-25,02:13:00,SpaceX,LEO,15600.0,"Cape Canaveral, SLC-40",1,1,-80.577366,28.561857,True,7,B5,1.0,1.0,2,11,2020,45,5,1,0,1,1,green
101,B1058,F9 B5,2020-12-06,16:17:00,NASA,LEO,2972.0,"Kennedy, LC‑39A",1,1,-80.603956,28.608058,True,4,B5,1.0,1.0,6,12,2020,51,5,1,1,1,1,green
102,B1051,F9 B5,2020-12-13,17:30:00,Sirius XM,GTO,7000.0,"Cape Canaveral, SLC-40",1,1,-80.577366,28.561857,True,7,B5,1.0,1.0,6,12,2020,47,2,1,0,1,1,green
104,B1060,F9 B5,2021-01-08,02:15:00,Türksat,GTO,3500.0,"Cape Canaveral, SLC-40",1,1,-80.577366,28.561857,True,4,B5,1.0,1.0,4,1,2021,53,2,1,0,1,1,green
105,B1051,F9 B5,2021-01-20,13:02:00,SpaceX,LEO,15600.0,"Kennedy, LC‑39A",1,1,-80.603956,28.608058,True,8,B5,1.0,1.0,2,1,2021,47,5,1,1,1,1,green
106,B1058,F9 B5,2021-01-24,15:00:00,Various,SSO,5000.0,"Cape Canaveral, SLC-40",1,1,-80.577366,28.561857,True,5,B5,1.0,1.0,6,1,2021,51,11,1,0,1,1,green
107,B1060,F9 B5,2021-02-04,06:19:00,SpaceX,LEO,15600.0,"Cape Canaveral, SLC-40",1,1,-80.577366,28.561857,True,5,B5,1.0,1.0,3,2,2021,53,5,1,0,1,1,green
108,B1059,F9 B5,2021-02-16,03:59:00,SpaceX,LEO,15600.0,"Cape Canaveral, SLC-40",1,0,-80.577366,28.561857,True,6,B5,1.0,1.0,1,2,2021,52,5,1,0,1,1,green
109,B1049,F9 B5,2021-03-04,08:24:00,SpaceX,LEO,15600.0,"Kennedy, LC‑39A",1,1,-80.603956,28.608058,True,8,B5,1.0,1.0,3,3,2021,45,5,1,1,1,1,green
110,B1058,F9 B5,2021-03-11,08:13:00,SpaceX,LEO,15600.0,"Cape Canaveral, SLC-40",1,1,-80.577366,28.561857,True,6,B5,1.0,1.0,3,3,2021,51,5,1,0,1,1,green
111,B1051,F9 B5,2021-03-14,10:01:00,SpaceX,LEO,15600.0,"Kennedy, LC‑39A",1,1,-80.603956,28.608058,True,9,B5,1.0,1.0,6,3,2021,47,5,1,1,1,1,green
112,B1060,F9 B5,2021-03-24,08:28:00,SpaceX,LEO,15600.0,"Cape Canaveral, SLC-40",1,1,-80.577366,28.561857,True,6,B5,1.0,1.0,2,3,2021,53,5,1,0,1,1,green
113,B1058,F9 B5,2021-04-07,16:34:00,SpaceX,LEO,15600.0,"Cape Canaveral, SLC-40",1,1,-80.577366,28.561857,True,7,B5,1.0,1.0,2,4,2021,51,5,1,0,1,1,green
114,B1061,F9 B5,2021-04-23,09:49:00,NASA,LEO,13000.0,"Kennedy, LC‑39A",1,1,-80.603956,28.608058,True,2,B5,1.0,1.0,4,4,2021,54,5,1,1,1,1,green
115,B1060,F9 B5,2021-04-29,03:44:00,SpaceX,LEO,15600.0,"Cape Canaveral, SLC-40",1,1,-80.577366,28.561857,True,7,B5,1.0,1.0,3,4,2021,53,5,1,0,1,1,green
116,B1049,F9 B5,2021-05-04,19:01:00,SpaceX,LEO,15600.0,"Kennedy, LC‑39A",1,1,-80.603956,28.608058,True,9,B5,1.0,1.0,1,5,2021,45,5,1,1,1,1,green
117,B1051,F9 B5,2021-05-09,06:42:00,SpaceX,LEO,15600.0,"Cape Canaveral, SLC-40",1,1,-80.577366,28.561857,True,10,B5,1.0,1.0,6,5,2021,47,5,1,0,1,1,green
118,B1058,F9 B5,2021-05-15,22:56:00,SpaceX,LEO,15440.0,"Kennedy, LC‑39A",1,1,-80.603956,28.608058,True,8,B5,1.0,1.0,5,5,2021,51,5,1,1,1,1,green
119,B1063,F9 B5,2021-05-26,18:59:00,SpaceX,LEO,15600.0,"Cape Canaveral, SLC-40",1,1,-80.577366,28.561857,True,2,B5,1.0,1.0,2,5,2021,56,5,1,0,1,1,green
120,B1067,F9 B5,2021-06-03,17:29:00,NASA,LEO,3328.0,"Kennedy, LC‑39A",1,1,-80.603956,28.608058,True,1,B5,1.0,1.0,3,6,2021,57,5,1,1,1,1,green
121,B1061,F9 B5,2021-06-06,04:26:00,Sirius XM,GTO,7000.0,"Cape Canaveral, SLC-40",1,1,-80.577366,28.561857,True,3,B5,1.0,1.0,6,6,2021,54,2,1,0,1,1,green
122,B1062,F9 B5,2021-06-17,16:09:00,USSF,MEO,4331.0,"Cape Canaveral, SLC-40",1,1,-80.577366,28.561857,True,2,B5,1.0,1.0,3,6,2021,55,6,1,0,1,1,green
124,B1061,F9 B5,2021-08-29,07:14:00,NASA,LEO,2200.0,"Kennedy, LC‑39A",1,1,-80.603956,28.608058,True,4,B5,1.0,1.0,6,8,2021,54,5,1,1,1,1,green
125,B1049,F9 B5,2021-09-14,03:55:00,SpaceX,LEO,13260.0,"Vandenberg, SLC-4E",1,1,-120.610829,34.632093,True,10,B5,1.0,1.0,1,9,2021,45,5,1,2,1,1,green
126,B1062,F9 B5,2021-09-16,00:02:00,Jared Isaacman,LEO,12519.0,"Kennedy, LC‑39A",1,1,-80.603956,28.608058,True,3,B5,1.0,1.0,3,9,2021,55,5,1,1,1,1,green
127,B1067,F9 B5,2021-11-11,02:03:00,NASA,LEO,13000.0,"Kennedy, LC‑39A",1,1,-80.603956,28.608058,True,2,B5,1.0,1.0,3,11,2021,57,5,1,1,1,1,green
128,B1058,F9 B5,2021-11-13,12:19:00,SpaceX,LEO,15635.0,"Cape Canaveral, SLC-40",1,1,-80.577366,28.561857,True,9,B5,1.0,1.0,5,11,2021,51,5,1,0,1,1,green
129,B1063,F9 B5,2021-11-24,06:21:00,NASA,Heliocentric,624.0,"Vandenberg, SLC-4E",1,1,-120.610829,34.632093,True,3,B5,1.0,1.0,2,11,2021,56,4,1,2,1,1,green
130,B1060,F9 B5,2021-12-02,23:12:00,SpaceX,LEO,14500.0,"Cape Canaveral, SLC-40",1,1,-80.577366,28.561857,True,9,B5,1.0,1.0,3,12,2021,53,5,1,0,1,1,green
131,B1061,F9 B5,2021-12-09,06:00:00,NASA,LEO,325.0,"Kennedy, LC‑39A",1,1,-80.603956,28.608058,True,5,B5,1.0,1.0,3,12,2021,54,5,1,1,1,1,green
132,B1051,F9 B5,2021-12-18,12:41:00,SpaceX,LEO,15600.0,"Vandenberg, SLC-4E",1,1,-120.610829,34.632093,True,11,B5,1.0,1.0,5,12,2021,47,5,1,2,1,1,green
133,B1067,F9 B5,2021-12-19,03:58:00,Türksat,GTO,4500.0,"Cape Canaveral, SLC-40",1,1,-80.577366,28.561857,True,3,B5,1.0,1.0,6,12,2021,57,2,1,0,1,1,green
134,B1069,F9 B5,2021-12-21,10:06:00,NASA,LEO,2989.0,"Kennedy, LC‑39A",1,1,-80.603956,28.608058,True,1,B5,1.0,1.0,1,12,2021,58,5,1,1,1,1,green
135,B1062,F9 B5,2022-01-06,21:49:00,SpaceX,LEO,14500.0,"Kennedy, LC‑39A",1,1,-80.603956,28.608058,True,4,B5,1.0,1.0,3,1,2022,55,5,1,1,1,1,green
137,B1060,F9 B5,2022-01-19,02:02:00,SpaceX,LEO,14500.0,"Kennedy, LC‑39A",1,1,-80.603956,28.608058,True,10,B5,1.0,1.0,2,1,2022,53,5,1,1,1,1,green
138,B1052,F9 B5,2022-01-31,23:11:00,ASI,SSO,2205.0,"Cape Canaveral, SLC-40",1,1,-80.577366,28.561857,True,3,B5,1.0,1.0,0,1,2022,48,11,1,0,1,1,green
140,B1061,F9 B5,2022-02-03,18:13:00,SpaceX,LEO,14500.0,"Kennedy, LC‑39A",1,1,-80.603956,28.608058,True,6,B5,1.0,1.0,3,2,2022,54,5,1,1,1,1,green
141,B1058,F9 B5,2022-02-21,14:44:00,SpaceX,LEO,13600.0,"Cape Canaveral, SLC-40",1,1,-80.577366,28.561857,True,11,B5,1.0,1.0,0,2,2022,51,5,1,0,1,1,green
142,B1063,F9 B5,2022-02-25,17:12:00,SpaceX,LEO,14750.0,"Vandenberg, SLC-4E",1,1,-120.610829,34.632093,True,4,B5,1.0,1.0,4,2,2022,56,5,1,2,1,1,green
143,B1060,F9 B5,2022-03-03,14:25:00,SpaceX,LEO,13900.0,"Kennedy, LC‑39A",1,1,-80.603956,28.608058,True,11,B5,1.0,1.0,3,3,2022,53,5,1,1,1,1,green
144,B1052,F9 B5,2022-03-09,13:45:00,SpaceX,LEO,14160.0,"Cape Canaveral, SLC-40",1,1,-80.577366,28.561857,True,4,B5,1.0,1.0,2,3,2022,48,5,1,0,1,1,green
145,B1051,F9 B5,2022-03-19,04:42:00,SpaceX,LEO,16250.0,"Cape Canaveral, SLC-40",1,1,-80.577366,28.561857,True,12,B5,1.0,1.0,5,3,2022,47,5,1,0,1,1,green
147,B1062,F9 B5,2022-04-08,15:17:00,Axiom Space,LEO,13000.0,"Kennedy, LC‑39A",1,1,-80.603956,28.608058,True,5,B5,1.0,1.0,4,4,2022,55,5,1,1,1,1,green
149,B1060,F9 B5,2022-04-21,17:51:00,SpaceX,LEO,16250.0,"Cape Canaveral, SLC-40",1,1,-80.577366,28.561857,True,12,B5,1.0,1.0,3,4,2022,53,5,1,0,1,1,green
150,B1067,F9 B5,2022-04-27,07:52:00,NASA,LEO,13000.0,"Kennedy, LC‑39A",1,1,-80.603956,28.608058,True,4,B5,1.0,1.0,2,4,2022,57,5,1,1,1,1,green
151,B1062,F9 B5,2022-04-29,21:27:00,SpaceX,LEO,16250.0,"Cape Canaveral, SLC-40",1,1,-80.577366,28.561857,True,6,B5,1.0,1.0,4,4,2022,55,5,1,0,1,1,green
152,B1058,F9 B5,2022-05-06,09:46:00,SpaceX,LEO,16250.0,"Kennedy, LC‑39A",1,1,-80.603956,28.608058,True,12,B5,1.0,1.0,4,5,2022,51,5,1,1,1,1,green
153,B1063,F9 B5,2022-05-13,22:07:00,SpaceX,LEO,16250.0,"Vandenberg, SLC-4E",1,1,-120.610829,34.632093,True,5,B5,1.0,1.0,4,5,2022,56,5,1,2,1,1,green
154,B1073,F9 B5,2022-05-14,20:40:00,SpaceX,LEO,16250.0,"Cape Canaveral, SLC-40",1,1,-80.577366,28.561857,True,1,B5,1.0,1.0,5,5,2022,60,5,1,0,1,1,green
155,B1052,F9 B5,2022-05-18,10:59:00,SpaceX,LEO,16250.0,"Kennedy, LC‑39A",1,1,-80.603956,28.608058,True,5,B5,1.0,1.0,2,5,2022,48,5,1,1,1,1,green
157,B1062,F9 B5,2022-06-08,21:03:00,Nilesat,GTO,4100.0,"Cape Canaveral, SLC-40",1,1,-80.577366,28.561857,True,7,B5,1.0,1.0,2,6,2022,55,2,1,0,1,1,green
158,B1060,F9 B5,2022-06-17,16:09:00,SpaceX,LEO,16250.0,"Kennedy, LC‑39A",1,1,-80.603956,28.608058,True,13,B5,1.0,1.0,4,6,2022,53,5,1,1,1,1,green
159,B1071,F9 B5,2022-06-18,14:19:00,German Intelligence Service,SSO,4000.0,"Vandenberg, SLC-4E",1,1,-120.610829,34.632093,True,3,B5,1.0,1.0,5,6,2022,59,11,1,2,1,1,green
160,B1061,F9 B5,2022-06-19,04:27:00,GlobalstarUnknown US government agency,LEO,700.0,"Cape Canaveral, SLC-40",1,1,-80.577366,28.561857,True,9,B5,1.0,1.0,6,6,2022,54,5,1,0,1,1,green
161,B1073,F9 B5,2022-06-29,21:04:00,SES,GTO,3500.0,"Cape Canaveral, SLC-40",1,1,-80.577366,28.561857,True,2,B5,1.0,1.0,2,6,2022,60,2,1,0,1,1,green
162,B1058,F9 B5,2022-07-07,13:11:00,SpaceX,LEO,16250.0,"Cape Canaveral, SLC-40",1,1,-80.577366,28.561857,True,13,B5,1.0,1.0,3,7,2022,51,5,1,0,1,1,green
163,B1063,F9 B5,2022-07-11,01:39:00,SpaceX,SSO,14100.0,"Vandenberg, SLC-4E",1,1,-120.610829,34.632093,True,6,B5,1.0,1.0,0,7,2022,56,11,1,2,1,1,green
164,B1067,F9 B5,2022-07-15,00:44:00,NASA,LEO,2668.0,"Kennedy, LC‑39A",1,1,-80.603956,28.608058,True,5,B5,1.0,1.0,4,7,2022,57,5,1,1,1,1,green
165,B1051,F9 B5,2022-07-17,14:20:00,SpaceX,LEO,16250.0,"Cape Canaveral, SLC-40",1,1,-80.577366,28.561857,True,13,B5,1.0,1.0,6,7,2022,47,5,1,0,1,1,green
166,B1071,F9 B5,2022-07-22,17:39:00,SpaceX,SSO,14100.0,"Vandenberg, SLC-4E",1,1,-120.610829,34.632093,True,4,B5,1.0,1.0,4,7,2022,59,11,1,2,1,1,green
167,B1062,F9 B5,2022-07-24,13:38:00,SpaceX,LEO,16250.0,"Kennedy, LC‑39A",1,1,-80.603956,28.608058,True,8,B5,1.0,1.0,6,7,2022,55,5,1,1,1,1,green
168,B1052,F9 B5,2022-08-04,23:08:00,KARI,BLT,679.0,"Cape Canaveral, SLC-40",1,1,-80.577366,28.561857,True,6,B5,1.0,1.0,3,8,2022,48,0,1,0,1,1,green
169,B1073,F9 B5,2022-08-10,02:14:00,SpaceX,LEO,16000.0,"Kennedy, LC‑39A",1,1,-80.603956,28.608058,True,3,B5,1.0,1.0,2,8,2022,60,5,1,1,1,1,green
170,B1061,F9 B5,2022-08-12,21:40:00,SpaceX,SSO,14100.0,"Vandenberg, SLC-4E",1,1,-120.610829,34.632093,True,10,B5,1.0,1.0,4,8,2022,54,11,1,2,1,1,green
171,B1062,F9 B5,2022-08-19,19:21:00,SpaceX,LEO,16250.0,"Cape Canaveral, SLC-40",1,1,-80.577366,28.561857,True,9,B5,1.0,1.0,4,8,2022,55,5,1,0,1,1,green
172,B1069,F9 B5,2022-08-28,03:41:00,SpaceX,LEO,16700.0,"Cape Canaveral, SLC-40",1,1,-80.577366,28.561857,True,2,B5,1.0,1.0,6,8,2022,58,5,1,0,1,1,green
173,B1063,F9 B5,2022-08-31,05:40:00,SpaceX,SSO,14200.0,"Vandenberg, SLC-4E",1,1,-120.610829,34.632093,True,7,B5,1.0,1.0,2,8,2022,56,11,1,2,1,1,green
174,B1052,F9 B5,2022-09-05,02:09:00,SpaceXSpaceflight Industries,LEO,16000.0,"Cape Canaveral, SLC-40",1,1,-80.577366,28.561857,True,7,B5,1.0,1.0,0,9,2022,48,5,1,0,1,1,green
175,B1058,F9 B5,2022-09-11,01:20:00,SpaceXAST SpaceMobile,LEO,11938.0,"Kennedy, LC‑39A",1,1,-80.603956,28.608058,True,14,B5,1.0,1.0,6,9,2022,51,5,1,1,1,1,green
176,B1067,F9 B5,2022-09-19,00:18:00,SpaceX,LEO,16700.0,"Cape Canaveral, SLC-40",1,1,-80.577366,28.561857,True,6,B5,1.0,1.0,0,9,2022,57,5,1,0,1,1,green
177,B1073,F9 B5,2022-09-24,23:32:00,SpaceX,LEO,16100.0,"Cape Canaveral, SLC-40",1,1,-80.577366,28.561857,True,4,B5,1.0,1.0,5,9,2022,60,5,1,0,1,1,green
178,B1077,F9 B5,2022-10-05,16:00:00,NASA,LEO,13000.0,"Kennedy, LC‑39A",1,1,-80.603956,28.608058,True,1,B5,1.0,1.0,2,10,2022,63,5,1,1,1,1,green
179,B1071,F9 B5,2022-10-05,23:10:00,SpaceX,LEO,16100.0,"Vandenberg, SLC-4E",1,1,-120.610829,34.632093,True,5,B5,1.0,1.0,2,10,2022,59,5,1,2,1,1,green
180,B1060,F9 B5,2022-10-08,23:05:00,Intelsat,GTO,7350.0,"Cape Canaveral, SLC-40",1,1,-80.577366,28.561857,True,14,B5,1.0,1.0,5,10,2022,53,2,1,0,1,1,green
181,B1069,F9 B5,2022-10-15,05:22:00,Eutelsat,GTO,4500.0,"Cape Canaveral, SLC-40",1,1,-80.577366,28.561857,True,3,B5,1.0,1.0,5,10,2022,58,2,1,0,1,1,green
182,B1062,F9 B5,2022-10-20,14:50:00,SpaceX,LEO,16700.0,"Cape Canaveral, SLC-40",1,1,-80.577366,28.561857,True,10,B5,1.0,1.0,3,10,2022,55,5,1,0,1,1,green
183,B1063,F9 B5,2022-10-28,01:14:00,SpaceX,LEO,16400.0,"Vandenberg, SLC-4E",1,1,-120.610829,34.632093,True,8,B5,1.0,1.0,4,10,2022,56,5,1,2,1,1,green
184,B1067,F9 B5,2022-11-03,05:22:00,Eutelsat,GTO,4500.0,"Cape Canaveral, SLC-40",1,1,-80.577366,28.561857,True,7,B5,1.0,1.0,3,11,2022,57,2,1,0,1,1,green
185,B1051,F9 B5,2022-11-12,16:06:00,Intelsat,GTO,6600.0,"Cape Canaveral, SLC-40",1,0,-80.577366,28.561857,True,14,B5,0.0,0.0,5,11,2022,47,2,1,0,1,1,green
186,B1049,F9 B5,2022-11-23,02:57:00,Eutelsat,GTO,5500.0,"Cape Canaveral, SLC-40",1,0,-80.577366,28.561857,True,11,B5,0.0,0.0,2,11,2022,45,2,1,0,1,1,green
187,B1076,F9 B5,2022-11-26,19:20:00,NASA,LEO,3528.0,"Kennedy, LC‑39A",1,1,-80.603956,28.608058,True,1,B5,1.0,1.0,5,11,2022,62,5,1,1,1,1,green
188,B1069,F9 B5,2022-12-08,22:27:00,OneWeb,Polar LEO,6000.0,"Kennedy, LC‑39A",1,1,-80.603956,28.608058,True,4,B5,1.0,1.0,3,12,2022,58,8,1,1,1,1,green
189,B1073,F9 B5,2022-12-11,07:38:00,ispace MBRSC  JAXA NASA,Ballistic lunar transfer,1000.0,"Cape Canaveral, SLC-40",1,1,-80.577366,28.561857,True,5,B5,1.0,1.0,6,12,2022,60,1,1,0,1,1,green
190,B1071,F9 B5,2022-12-16,11:46:00,NASA/CNES,LEO,2200.0,"Vandenberg, SLC-4E",1,1,-120.610829,34.632093,True,6,B5,1.0,1.0,4,12,2022,59,5,1,2,1,1,green
191,B1067,F9 B5,2022-12-16,22:48:00,SES,MEO,4100.0,"Cape Canaveral, SLC-40",1,1,-80.577366,28.561857,True,8,B5,1.0,1.0,4,12,2022,57,6,1,0,1,1,green
192,B1058,F9 B5,2022-12-17,21:32:00,SpaceX,LEO,16700.0,"Kennedy, LC‑39A",1,1,-80.603956,28.608058,True,15,B5,1.0,1.0,5,12,2022,51,5,1,1,1,1,green
193,B1062,F9 B5,2022-12-28,09:34:00,SpaceX,LEO,16700.0,"Cape Canaveral, SLC-40",1,1,-80.577366,28.561857,True,11,B5,1.0,1.0,2,12,2022,55,5,1,0,1,1,green
194,B1061,F9 B5,2022-12-30,07:38:00,ImageSat International,Retrograde LEO,400.0,"Vandenberg, SLC-4E",1,1,-120.610829,34.632093,True,11,B5,1.0,1.0,4,12,2022,54,10,1,2,1,1,green
196,B1076,F9 B5,2023-01-10,04:50:00,OneWeb,Polar LEO,6000.0,"Cape Canaveral, SLC-40",1,1,-80.577366,28.561857,True,2,B5,1.0,1.0,1,1,2023,62,8,1,0,1,1,green
197,B1077,F9 B5,2023-01-18,12:24:00,USSF,MEO,4352.0,"Cape Canaveral, SLC-40",1,1,-80.577366,28.561857,True,2,B5,1.0,1.0,2,1,2023,63,6,1,0,1,1,green
198,B1075,F9 B5,2023-01-19,15:43:00,SpaceX,LEO,15000.0,"Vandenberg, SLC-4E",1,1,-120.610829,34.632093,True,1,B5,1.0,1.0,3,1,2023,61,5,1,2,1,1,green
199,B1067,F9 B5,2023-01-26,09:32:00,SpaceX,LEO,17400.0,"Cape Canaveral, SLC-40",1,1,-80.577366,28.561857,True,9,B5,1.0,1.0,3,1,2023,57,5,1,0,1,1,green
200,B1071,F9 B5,2023-01-31,16:15:00,SpaceX,LEO,15200.0,"Vandenberg, SLC-4E",1,1,-120.610829,34.632093,True,7,B5,1.0,1.0,1,1,2023,59,5,1,2,1,1,green
201,B1069,F9 B5,2023-02-02,07:58:00,SpaceX,LEO,16500.0,"Kennedy, LC‑39A",1,1,-80.603956,28.608058,True,5,B5,1.0,1.0,3,2,2023,58,5,1,1,1,1,green
202,B1073,F9 B5,2023-02-07,01:32:00,Hispasat,GTO,4146.0,"Cape Canaveral, SLC-40",1,1,-80.577366,28.561857,True,6,B5,1.0,1.0,1,2,2023,60,2,1,0,1,1,green
203,B1062,F9 B5,2023-02-12,05:10:00,SpaceX,LEO,17100.0,"Cape Canaveral, SLC-40",1,1,-80.577366,28.561857,True,12,B5,1.0,1.0,6,2,2023,55,5,1,0,1,1,green
204,B1063,F9 B5,2023-02-17,19:12:00,SpaceX,LEO,15900.0,"Vandenberg, SLC-4E",1,1,-120.610829,34.632093,True,9,B5,1.0,1.0,4,2,2023,56,5,1,2,1,1,green
205,B1077,F9 B5,2023-02-18,03:59:00,Inmarsat,GTO,5470.0,"Cape Canaveral, SLC-40",1,1,-80.577366,28.561857,True,3,B5,1.0,1.0,5,2,2023,63,2,1,0,1,1,green
206,B1076,F9 B5,2023-02-27,23:13:00,SpaceX,LEO,15300.0,"Cape Canaveral, SLC-40",1,1,-80.577366,28.561857,True,3,B5,1.0,1.0,0,2,2023,62,5,1,0,1,1,green
207,B1078,F9 B5,2023-03-02,05:34:00,NASA,LEO,13000.0,"Kennedy, LC‑39A",1,1,-80.603956,28.608058,True,1,B5,1.0,1.0,3,3,2023,64,5,1,1,1,1,green
208,B1061,F9 B5,2023-03-03,18:38:00,SpaceX,LEO,15900.0,"Vandenberg, SLC-4E",1,1,-120.610829,34.632093,True,12,B5,1.0,1.0,4,3,2023,54,5,1,2,1,1,green
209,B1062,F9 B5,2023-03-09,19:13:00,OneWeb,LEO,6000.0,"Cape Canaveral, SLC-40",1,1,-80.577366,28.561857,True,13,B5,1.0,1.0,3,3,2023,55,5,1,0,1,1,green
210,B1073,F9 B5,2023-03-15,00:30:00,NASA,LEO,2852.0,"Kennedy, LC‑39A",1,1,-80.603956,28.608058,True,7,B5,1.0,1.0,2,3,2023,60,5,1,1,1,1,green
211,B1071,F9 B5,2023-03-17,19:26:00,SpaceX,LEO,16200.0,"Vandenberg, SLC-4E",1,1,-120.610829,34.632093,True,8,B5,1.0,1.0,4,3,2023,59,5,1,2,1,1,green
212,B1069,F9 B5,2023-03-17,23:38:00,SES,GTO,7000.0,"Cape Canaveral, SLC-40",1,1,-80.577366,28.561857,True,6,B5,1.0,1.0,4,3,2023,58,2,1,0,1,1,green
213,B1067,F9 B5,2023-03-24,15:43:00,SpaceX,LEO,17400.0,"Cape Canaveral, SLC-40",1,1,-80.577366,28.561857,True,10,B5,1.0,1.0,4,3,2023,57,5,1,0,1,1,green
214,B1077,F9 B5,2023-03-29,20:01:00,SpaceX,LEO,17400.0,"Cape Canaveral, SLC-40",1,1,-80.577366,28.561857,True,4,B5,1.0,1.0,2,3,2023,63,5,1,0,1,1,green
216,B1076,F9 B5,2023-04-07,4.3,Intelsat,GTO,5588.0,"Cape Canaveral, SLC-40",1,1,-80.577366,28.561857,True,4,B5,1.0,1.0,4,4,2023,62,2,1,0,1,1,green
218,B1073,F9 B5,2023-04-19,14:31:00,SpaceX,LEO,15300.0,"Cape Canaveral, SLC-40",1,1,-80.577366,28.561857,True,8,B5,1.0,1.0,2,4,2023,60,5,1,0,1,1,green
219,B1061,F9 B5,2023-04-27,13:40:00,SpaceX,SSO,14100.0,"Vandenberg, SLC-4E",1,1,-120.610829,34.632093,True,13,B5,1.0,1.0,3,4,2023,54,11,1,2,1,1,green
220,B1078,F9 B5,2023-04-28,22:12:00,SES,MEO,4100.0,"Cape Canaveral, SLC-40",1,1,-80.577366,28.561857,True,2,B5,1.0,1.0,4,4,2023,64,6,1,0,1,1,green
221,B1069,F9 B5,2023-05-04,07:31:00,SpaceX,LEO,17400.0,"Cape Canaveral, SLC-40",1,1,-80.577366,28.561857,True,7,B5,1.0,1.0,3,5,2023,58,5,1,0,1,1,green
222,B1075,F9 B5,2023-05-10,20:09:00,SpaceX,LEO,15900.0,"Vandenberg, SLC-4E",1,1,-120.610829,34.632093,True,3,B5,1.0,1.0,2,5,2023,61,5,1,2,1,1,green
223,B1067,F9 B5,2023-05-14,05:03:00,SpaceX,LEO,17400.0,"Cape Canaveral, SLC-40",1,1,-80.577366,28.561857,True,11,B5,1.0,1.0,6,5,2023,57,5,1,0,1,1,green
224,B1076,F9 B5,2023-05-19,06:19:00,SpaceX,LEO,16100.0,"Cape Canaveral, SLC-40",1,1,-80.577366,28.561857,True,5,B5,1.0,1.0,4,5,2023,62,5,1,0,1,1,green
225,B1063,F9 B5,2023-05-20,13:16:00,Iridium & OneWeb,Polar LEO,6600.0,"Vandenberg, SLC-4E",1,1,-120.610829,34.632093,True,11,B5,1.0,1.0,5,5,2023,56,8,1,2,1,1,green
226,B1080,F9 B5,2023-05-21,21:37:00,Axiom Space,LEO,13000.0,"Kennedy, LC‑39A",1,1,-80.603956,28.608058,True,1,B5,1.0,1.0,6,5,2023,65,5,1,1,1,1,green
227,B1062,F9 B5,2023-05-27,04:30:00,Arabsat,GTO,4500.0,"Cape Canaveral, SLC-40",1,1,-80.577366,28.561857,True,14,B5,1.0,1.0,5,5,2023,55,2,1,0,1,1,green
228,B1061,F9 B5,2023-05-31,06:02:00,SpaceX,LEO,16400.0,"Vandenberg, SLC-4E",1,1,-120.610829,34.632093,True,14,B5,1.0,1.0,2,5,2023,54,5,1,2,1,1,green
229,B1078,F9 B5,2023-06-04,12:20:00,SpaceX,LEO,16100.0,"Cape Canaveral, SLC-40",1,1,-80.577366,28.561857,True,3,B5,1.0,1.0,6,6,2023,64,5,1,0,1,1,green
230,B1077,F9 B5,2023-06-05,15:47:00,NASA,LEO,3304.0,"Kennedy, LC‑39A",1,1,-80.603956,28.608058,True,5,B5,1.0,1.0,0,6,2023,63,5,1,1,1,1,green
231,B1073,F9 B5,2023-06-12,07:10:00,SpaceX,LEO,16400.0,"Cape Canaveral, SLC-40",1,1,-80.577366,28.561857,True,9,B5,1.0,1.0,0,6,2023,60,5,1,0,1,1,green
233,B1067,F9 B5,2023-06-18,22:21:00,PT Pasifik Satelit Nusantara,GTO,4580.0,"Cape Canaveral, SLC-40",1,1,-80.577366,28.561857,True,12,B5,1.0,1.0,6,6,2023,57,2,1,0,1,1,green
234,B1075,F9 B5,2023-06-22,07:19:00,SpaceX,LEO,14500.0,"Vandenberg, SLC-4E",1,1,-120.610829,34.632093,True,4,B5,1.0,1.0,3,6,2023,61,5,1,2,1,1,green
235,B1069,F9 B5,2023-06-23,15:35:00,SpaceX,LEO,17400.0,"Cape Canaveral, SLC-40",1,1,-80.577366,28.561857,True,8,B5,1.0,1.0,4,6,2023,58,5,1,0,1,1,green
236,B1080,F9 B5,2023-07-01,15:12:00,ESA,Sun–Earth L2 injection,2160.0,"Cape Canaveral, SLC-40",1,1,-80.577366,28.561857,True,2,B5,1.0,1.0,5,7,2023,65,14,1,0,1,1,green
237,B1063,F9 B5,2023-07-07,19:29:00,SpaceX,LEO,14900.0,"Vandenberg, SLC-4E",1,1,-120.610829,34.632093,True,12,B5,1.0,1.0,4,7,2023,56,5,1,2,1,1,green
238,B1058,F9 B5,2023-07-10,03:58:00,SpaceX,LEO,16100.0,"Cape Canaveral, SLC-40",1,1,-80.577366,28.561857,True,16,B5,1.0,1.0,0,7,2023,51,5,1,0,1,1,green
239,B1060,F9 B5,2023-07-16,03:50:00,SpaceX,LEO,16700.0,"Cape Canaveral, SLC-40",1,1,-80.577366,28.561857,True,16,B5,1.0,1.0,6,7,2023,53,5,1,0,1,1,green
240,B1071,F9 B5,2023-07-20,04:09:00,SpaceX,LEO,12000.0,"Vandenberg, SLC-4E",1,1,-120.610829,34.632093,True,10,B5,1.0,1.0,3,7,2023,59,5,1,2,1,1,green
241,B1076,F9 B5,2023-07-24,00:50:00,SpaceX,LEO,16100.0,"Cape Canaveral, SLC-40",1,1,-80.577366,28.561857,True,6,B5,1.0,1.0,0,7,2023,62,5,1,0,1,1,green
242,B1062,F9 B5,2023-07-28,04:01:00,SpaceX,LEO,16100.0,"Cape Canaveral, SLC-40",1,1,-80.577366,28.561857,True,15,B5,1.0,1.0,4,7,2023,55,5,1,0,1,1,green
243,B1077,F9 B5,2023-08-03,05:00:00,Intelsat,GTO,5063.0,"Cape Canaveral, SLC-40",1,1,-80.577366,28.561857,True,6,B5,1.0,1.0,3,8,2023,63,2,1,0,1,1,green
244,B1078,F9 B5,2023-08-07,02:41:00,SpaceX,LEO,16100.0,"Cape Canaveral, SLC-40",1,1,-80.577366,28.561857,True,4,B5,1.0,1.0,0,8,2023,64,5,1,0,1,1,green
245,B1075,F9 B5,2023-08-08,03:57:00,SpaceX,LEO,12000.0,"Vandenberg, SLC-4E",1,1,-120.610829,34.632093,True,5,B5,1.0,1.0,1,8,2023,61,5,1,2,1,1,green
246,B1069,F9 B5,2023-08-11,05:17:00,SpaceX,LEO,16100.0,"Cape Canaveral, SLC-40",1,1,-80.577366,28.561857,True,9,B5,1.0,1.0,4,8,2023,58,5,1,0,1,1,green
247,B1067,F9 B5,2023-08-17,03:36:00,SpaceX,LEO,16100.0,"Cape Canaveral, SLC-40",1,1,-80.577366,28.561857,True,13,B5,1.0,1.0,3,8,2023,57,5,1,0,1,1,green
248,B1061,F9 B5,2023-08-22,09:37:00,SpaceX,LEO,15300.0,"Vandenberg, SLC-4E",1,1,-120.610829,34.632093,True,15,B5,1.0,1.0,1,8,2023,54,5,1,2,1,1,green
249,B1081,F9 B5,2023-08-26,07:27:00,NASA,LEO,13000.0,"Kennedy, LC‑39A",1,1,-80.603956,28.608058,True,1,B5,1.0,1.0,5,8,2023,66,5,1,1,1,1,green
250,B1080,F9 B5,2023-08-27,01:05:00,SpaceX,LEO,16100.0,"Cape Canaveral, SLC-40",1,1,-80.577366,28.561857,True,3,B5,1.0,1.0,6,8,2023,65,5,1,0,1,1,green
251,B1077,F9 B5,2023-09-01,02:21:00,SpaceX,LEO,16100.0,"Cape Canaveral, SLC-40",1,1,-80.577366,28.561857,True,7,B5,1.0,1.0,4,9,2023,63,5,1,0,1,1,green
253,B1073,F9 B5,2023-09-04,02:47:00,SpaceX,LEO,15300.0,"Kennedy, LC‑39A",1,1,-80.603956,28.608058,True,10,B5,1.0,1.0,0,9,2023,60,5,1,1,1,1,green
254,B1076,F9 B5,2023-09-09,03:12:00,SpaceX,LEO,16100.0,"Cape Canaveral, SLC-40",1,1,-80.577366,28.561857,True,7,B5,1.0,1.0,5,9,2023,62,5,1,0,1,1,green
255,B1071,F9 B5,2023-09-12,06:57:00,SpaceX,LEO,15300.0,"Vandenberg, SLC-4E",1,1,-120.610829,34.632093,True,11,B5,1.0,1.0,1,9,2023,59,5,1,2,1,1,green
256,B1078,F9 B5,2023-09-16,03:38:00,SpaceX,LEO,16100.0,"Cape Canaveral, SLC-40",1,1,-80.577366,28.561857,True,5,B5,1.0,1.0,5,9,2023,64,5,1,0,1,1,green
257,B1058,F9 B5,2023-09-20,03:38:00,SpaceX,LEO,16100.0,"Cape Canaveral, SLC-40",1,1,-80.577366,28.561857,True,17,B5,1.0,1.0,2,9,2023,51,5,1,0,1,1,green
258,B1060,F9 B5,2023-09-24,03:38:00,SpaceX,LEO,16100.0,"Cape Canaveral, SLC-40",1,1,-80.577366,28.561857,True,17,B5,1.0,1.0,6,9,2023,53,5,1,0,1,1,green
259,B1075,F9 B5,2023-09-25,08:48:00,SpaceX,LEO,15300.0,"Vandenberg, SLC-4E",1,1,-120.610829,34.632093,True,6,B5,1.0,1.0,0,9,2023,61,5,1,2,1,1,green
260,B1069,F9 B5,2023-09-30,02:00:00,SpaceX,LEO,16100.0,"Cape Canaveral, SLC-40",1,1,-80.577366,28.561857,True,10,B5,1.0,1.0,5,9,2023,58,5,1,0,1,1,green
261,B1076,F9 B5,2023-10-05,05:36:00,SpaceX,LEO,16100.0,"Cape Canaveral, SLC-40",1,1,-80.577366,28.561857,True,8,B5,1.0,1.0,3,10,2023,62,5,1,0,1,1,green
262,B1063,F9 B5,2023-10-09,07:23:00,SpaceX,LEO,15300.0,"Vandenberg, SLC-4E",1,1,-120.610829,34.632093,True,14,B5,1.0,1.0,0,10,2023,56,5,1,2,1,1,green
263,B1067,F9 B5,2023-10-13,23:01:00,SpaceX,LEO,16100.0,"Cape Canaveral, SLC-40",1,1,-80.577366,28.561857,True,14,B5,1.0,1.0,4,10,2023,57,5,1,0,1,1,green
264,B1062,F9 B5,2023-10-18,00:39:00,SpaceX,LEO,16100.0,"Cape Canaveral, SLC-40",1,1,-80.577366,28.561857,True,16,B5,1.0,1.0,2,10,2023,55,5,1,0,1,1,green
265,B1061,F9 B5,2023-10-21,08:23:00,SpaceX,LEO,15300.0,"Vandenberg, SLC-4E",1,1,-120.610829,34.632093,True,16,B5,1.0,1.0,5,10,2023,54,5,1,2,1,1,green
266,B1080,F9 B5,2023-10-22,02:17:00,SpaceX,LEO,16800.0,"Cape Canaveral, SLC-40",1,1,-80.577366,28.561857,True,4,B5,1.0,1.0,6,10,2023,65,5,1,0,1,1,green
267,B1075,F9 B5,2023-10-29,09:00:00,SpaceX,LEO,16100.0,"Vandenberg, SLC-4E",1,1,-120.610829,34.632093,True,7,B5,1.0,1.0,6,10,2023,61,5,1,2,1,1,green
268,B1077,F9 B5,2023-10-30,23:20:00,SpaceX,LEO,16800.0,"Cape Canaveral, SLC-40",1,1,-80.577366,28.561857,True,8,B5,1.0,1.0,0,10,2023,63,5,1,0,1,1,green
269,B1058,F9 B5,2023-11-04,00:37:00,SpaceX,LEO,16800.0,"Cape Canaveral, SLC-40",1,1,-80.577366,28.561857,True,18,B5,1.0,1.0,5,11,2023,51,5,1,0,1,1,green
270,B1073,F9 B5,2023-11-08,05:05:00,SpaceX,LEO,16800.0,"Cape Canaveral, SLC-40",1,1,-80.577366,28.561857,True,11,B5,1.0,1.0,2,11,2023,60,5,1,0,1,1,green
271,B1081,F9 B5,2023-11-10,01:28:00,NASA,LEO,9525.0,"Kennedy, LC‑39A",1,1,-80.603956,28.608058,True,2,B5,1.0,1.0,4,11,2023,66,5,1,1,1,1,green
273,B1076,F9 B5,2023-11-12,21:08:00,SES,MEO,4100.0,"Cape Canaveral, SLC-40",1,1,-80.577366,28.561857,True,9,B5,1.0,1.0,6,11,2023,62,6,1,0,1,1,green
274,B1069,F9 B5,2023-11-18,05:05:00,SpaceX,LEO,16800.0,"Cape Canaveral, SLC-40",1,1,-80.577366,28.561857,True,11,B5,1.0,1.0,5,11,2023,58,5,1,0,1,1,green
275,B1063,F9 B5,2023-11-20,10:30:00,SpaceX,LEO,16100.0,"Vandenberg, SLC-4E",1,1,-120.610829,34.632093,True,15,B5,1.0,1.0,0,11,2023,56,5,1,2,1,1,green
276,B1067,F9 B5,2023-11-22,07:47:00,SpaceX,LEO,16800.0,"Cape Canaveral, SLC-40",1,1,-80.577366,28.561857,True,15,B5,1.0,1.0,2,11,2023,57,5,1,0,1,1,green
277,B1062,F9 B5,2023-11-28,04:20:00,SpaceX,LEO,16800.0,"Cape Canaveral, SLC-40",1,1,-80.577366,28.561857,True,17,B5,1.0,1.0,1,11,2023,55,5,1,0,1,1,green
278,B1061,F9 B5,2023-12-01,18:19:00,Republic of Korea Armed Forces,SSO,800.0,"Vandenberg, SLC-4E",1,1,-120.610829,34.632093,True,17,B5,1.0,1.0,4,12,2023,54,11,1,2,1,1,green
279,B1078,F9 B5,2023-12-03,04:00:00,SpaceX,LEO,16800.0,"Cape Canaveral, SLC-40",1,1,-80.577366,28.561857,True,6,B5,1.0,1.0,6,12,2023,64,5,1,0,1,1,green
280,B1077,F9 B5,2023-12-07,05:07:00,SpaceX,LEO,16800.0,"Cape Canaveral, SLC-40",1,1,-80.577366,28.561857,True,9,B5,1.0,1.0,3,12,2023,63,5,1,0,1,1,green
281,B1071,F9 B5,2023-12-08,08:03:00,SpaceX,LEO,16100.0,"Vandenberg, SLC-4E",1,1,-120.610829,34.632093,True,13,B5,1.0,1.0,4,12,2023,59,5,1,2,1,1,green
282,B1081,F9 B5,2023-12-19,04:01:00,SpaceX,LEO,16800.0,"Cape Canaveral, SLC-40",1,1,-80.577366,28.561857,True,3,B5,1.0,1.0,1,12,2023,66,5,1,0,1,1,green
283,B1058,F9 B5,2023-12-23,05:33:00,SpaceX,LEO,16800.0,"Cape Canaveral, SLC-40",1,0,-80.577366,28.561857,True,19,B5,1.0,1.0,5,12,2023,51,5,1,0,1,1,green
284,B1075,F9 B5,2023-12-24,13:11:00,German Intelligence Service,SSO,3600.0,"Vandenberg, SLC-4E",1,1,-120.610829,34.632093,True,8,B5,1.0,1.0,6,12,2023,61,11,1,2,1,1,green
285,B1069,F9 B5,2023-12-29,04:01:00,SpaceX,LEO,16800.0,"Cape Canaveral, SLC-40",1,1,-80.577366,28.561857,True,12,B5,1.0,1.0,4,12,2023,58,5,1,0,1,1,green
286,B1082,F9 B5,2024-01-03,03:44:00,SpaceX,LEO,16800.0,"Vandenberg, SLC-4E",1,1,-120.610829,34.632093,True,1,B5,1.0,1.0,2,1,2024,67,5,1,2,1,1,green
287,B1076,F9 B5,2024-01-03,23:04:00,Ovzon,GTO,1800.0,"Cape Canaveral, SLC-40",1,1,-80.577366,28.561857,True,10,B5,1.0,1.0,2,1,2024,62,2,1,0,1,1,green
288,B1067,F9 B5,2024-01-07,22:35:00,SpaceX,LEO,17100.0,"Cape Canaveral, SLC-40",1,1,-80.577366,28.561857,True,16,B5,1.0,1.0,6,1,2024,57,5,1,0,1,1,green
289,B1061,F9 B5,2024-01-14,08:59:00,SpaceX,LEO,16700.0,"Vandenberg, SLC-4E",1,1,-120.610829,34.632093,True,18,B5,1.0,1.0,6,1,2024,54,5,1,2,1,1,green
290,B1073,F9 B5,2024-01-15,01:52:00,SpaceX,LEO,17100.0,"Cape Canaveral, SLC-40",1,1,-80.577366,28.561857,True,12,B5,1.0,1.0,0,1,2024,60,5,1,0,1,1,green
291,B1080,F9 B5,2024-01-18,21:49:00,Axiom Space,LEO,13000.0,"Kennedy, LC‑39A",1,1,-80.603956,28.608058,True,5,B5,1.0,1.0,3,1,2024,65,5,1,1,1,1,green
292,B1063,F9 B5,2024-01-24,00:35:00,SpaceX,LEO,16700.0,"Vandenberg, SLC-4E",1,1,-120.610829,34.632093,True,16,B5,1.0,1.0,2,1,2024,56,5,1,2,1,1,green
293,B1062,F9 B5,2024-01-29,01:10:00,SpaceX,LEO,17100.0,"Kennedy, LC‑39A",1,1,-80.603956,28.608058,True,18,B5,1.0,1.0,0,1,2024,55,5,1,1,1,1,green
294,B1075,F9 B5,2024-01-29,05:57:00,SpaceX,LEO,16700.0,"Vandenberg, SLC-4E",1,1,-120.610829,34.632093,True,9,B5,1.0,1.0,0,1,2024,61,5,1,2,1,1,green
295,B1077,F9 B5,2024-01-30,17:07:00,Northrop Grumman,LEO,3726.0,"Cape Canaveral, SLC-40",1,1,-80.577366,28.561857,True,10,B5,1.0,1.0,1,1,2024,63,5,1,0,1,1,green
296,B1081,F9 B5,2024-02-08,06:33:00,NASA,SSO,1694.0,"Cape Canaveral, SLC-40",1,1,-80.577366,28.561857,True,4,B5,1.0,1.0,3,2,2024,66,11,1,0,1,1,green
297,B1071,F9 B5,2024-02-10,00:34:00,SpaceX,LEO,16700.0,"Vandenberg, SLC-4E",1,1,-120.610829,34.632093,True,14,B5,1.0,1.0,5,2,2024,59,5,1,2,1,1,green
299,B1060,F9 B5,2024-02-15,06:05:00,NASA  / Intuitive Machines,TLI,1931.0,"Kennedy, LC‑39A",1,1,-80.603956,28.608058,True,18,B5,1.0,1.0,3,2,2024,53,15,1,1,1,1,green
300,B1082,F9 B5,2024-02-15,21:34:00,SpaceX,LEO,16700.0,"Vandenberg, SLC-4E",1,1,-120.610829,34.632093,True,2,B5,1.0,1.0,3,2,2024,67,5,1,2,1,1,green
301,B1067,F9 B5,2024-02-20,20:11:00,Telkom Indonesia,GTO,4000.0,"Cape Canaveral, SLC-40",1,1,-80.577366,28.561857,True,17,B5,1.0,1.0,1,2,2024,57,2,1,0,1,1,green
302,B1061,F9 B5,2024-02-23,04:11:00,SpaceX,LEO,16700.0,"Vandenberg, SLC-4E",1,1,-120.610829,34.632093,True,19,B5,1.0,1.0,4,2,2024,54,5,1,2,1,1,green
303,B1069,F9 B5,2024-02-25,22:06:00,SpaceX,LEO,17500.0,"Cape Canaveral, SLC-40",1,1,-80.577366,28.561857,True,13,B5,1.0,1.0,6,2,2024,58,5,1,0,1,1,green
304,B1076,F9 B5,2024-02-29,15:30:00,SpaceX,LEO,17100.0,"Cape Canaveral, SLC-40",1,1,-80.577366,28.561857,True,11,B5,1.0,1.0,3,2,2024,62,5,1,0,1,1,green
305,B1083,F9 B5,2024-03-04,03:53:00,NASA,LEO,13000.0,"Kennedy, LC‑39A",1,1,-80.603956,28.608058,True,1,B5,1.0,1.0,0,3,2024,68,5,1,1,1,1,green
307,B1073,F9 B5,2024-03-04,23:56:00,SpaceX,LEO,17100.0,"Cape Canaveral, SLC-40",1,1,-80.577366,28.561857,True,13,B5,1.0,1.0,0,3,2024,60,5,1,0,1,1,green
308,B1077,F9 B5,2024-03-10,23:05:00,SpaceX,LEO,17100.0,"Cape Canaveral, SLC-40",1,1,-80.577366,28.561857,True,11,B5,1.0,1.0,6,3,2024,63,5,1,0,1,1,green
309,B1063,F9 B5,2024-03-11,04:09:00,SpaceX,LEO,17100.0,"Vandenberg, SLC-4E",1,1,-120.610829,34.632093,True,17,B5,1.0,1.0,0,3,2024,56,5,1,2,1,1,green
310,B1062,F9 B5,2024-03-16,00:21:00,SpaceX,LEO,17100.0,"Kennedy, LC‑39A",1,1,-80.603956,28.608058,True,19,B5,1.0,1.0,5,3,2024,55,5,1,1,1,1,green
311,B1075,F9 B5,2024-03-19,02:28:00,SpaceX,LEO,16100.0,"Vandenberg, SLC-4E",1,1,-120.610829,34.632093,True,10,B5,1.0,1.0,1,3,2024,61,5,1,2,1,1,green
312,B1080,F9 B5,2024-03-21,20:55:00,NASA,LEO,2721.0,"Cape Canaveral, SLC-40",1,1,-80.577366,28.561857,True,6,B5,1.0,1.0,3,3,2024,65,5,1,0,1,1,green
313,B1060,F9 B5,2024-03-24,03:09:00,SpaceX,LEO,17100.0,"Kennedy, LC‑39A",1,1,-80.603956,28.608058,True,19,B5,1.0,1.0,6,3,2024,53,5,1,1,1,1,green
314,B1078,F9 B5,2024-03-25,23:42:00,SpaceX,LEO,17100.0,"Cape Canaveral, SLC-40",1,1,-80.577366,28.561857,True,8,B5,1.0,1.0,0,3,2024,64,5,1,0,1,1,green
315,B1076,F9 B5,2024-03-30,21:52:00,Eutelsat,GTO,5000.0,"Kennedy, LC‑39A",1,1,-80.603956,28.608058,True,12,B5,1.0,1.0,5,3,2024,62,2,1,1,1,1,green
316,B1067,F9 B5,2024-03-31,01:30:00,SpaceX,LEO,17100.0,"Cape Canaveral, SLC-40",1,1,-80.577366,28.561857,True,18,B5,1.0,1.0,6,3,2024,57,5,1,0,1,1,green
317,B1071,F9 B5,2024-04-02,02:30:00,SpaceX,LEO,16700.0,"Vandenberg, SLC-4E",1,1,-120.610829,34.632093,True,15,B5,1.0,1.0,1,4,2024,59,5,1,2,1,1,green
318,B1069,F9 B5,2024-04-05,09:12:00,SpaceX,LEO,17100.0,"Cape Canaveral, SLC-40",1,1,-80.577366,28.561857,True,14,B5,1.0,1.0,4,4,2024,58,5,1,0,1,1,green
319,B1081,F9 B5,2024-04-07,02:25:00,SpaceX,LEO,16800.0,"Vandenberg, SLC-4E",1,1,-120.610829,34.632093,True,6,B5,1.0,1.0,6,4,2024,66,5,1,2,1,1,green
321,B1083,F9 B5,2024-04-10,05:40:00,SpaceX,LEO,17100.0,"Cape Canaveral, SLC-40",1,1,-80.577366,28.561857,True,2,B5,1.0,1.0,2,4,2024,68,5,1,0,1,1,green
322,B1082,F9 B5,2024-04-11,14:25:00,USSF,SSO,1200.0,"Vandenberg, SLC-4E",1,1,-120.610829,34.632093,True,3,B5,1.0,1.0,3,4,2024,67,11,1,2,1,1,green
323,B1062,F9 B5,2024-04-13,01:40:00,SpaceX,LEO,17100.0,"Cape Canaveral, SLC-40",1,1,-80.577366,28.561857,True,20,B5,1.0,1.0,5,4,2024,55,5,1,0,1,1,green
324,B1077,F9 B5,2024-04-17,21:26:00,SpaceX,LEO,17100.0,"Kennedy, LC‑39A",1,1,-80.603956,28.608058,True,12,B5,1.0,1.0,2,4,2024,63,5,1,1,1,1,green
325,B1080,F9 B5,2024-04-18,22:40:00,SpaceX,LEO,17100.0,"Cape Canaveral, SLC-40",1,1,-80.577366,28.561857,True,7,B5,1.0,1.0,3,4,2024,65,5,1,0,1,1,green
326,B1078,F9 B5,2024-04-23,22:17:00,SpaceX,LEO,17100.0,"Cape Canaveral, SLC-40",1,1,-80.577366,28.561857,True,9,B5,1.0,1.0,1,4,2024,64,5,1,0,1,1,green
327,B1060,F9 B5,2024-04-28,00:34:00,ESA,MEO,1600.0,"Kennedy, LC‑39A",1,0,-80.603956,28.608058,True,20,B5,1.0,1.0,6,4,2024,53,6,1,1,1,1,green
328,B1076,F9 B5,2024-04-28,22:08:00,SpaceX,LEO,17100.0,"Cape Canaveral, SLC-40",1,1,-80.577366,28.561857,True,13,B5,1.0,1.0,6,4,2024,62,5,1,0,1,1,green
329,B1061,F9 B5,2024-05-02,18:36:00,Maxar Technologies,SSO,1500.0,"Vandenberg, SLC-4E",1,1,-120.610829,34.632093,True,20,B5,1.0,1.0,3,5,2024,54,11,1,2,1,1,green
330,B1067,F9 B5,2024-05-03,02:37:00,SpaceX,LEO,17100.0,"Cape Canaveral, SLC-40",1,1,-80.577366,28.561857,True,19,B5,1.0,1.0,4,5,2024,57,5,1,0,1,1,green
331,B1069,F9 B5,2024-05-06,18:14:00,SpaceX,LEO,17100.0,"Cape Canaveral, SLC-40",1,1,-80.577366,28.561857,True,15,B5,1.0,1.0,0,5,2024,58,5,1,0,1,1,green
332,B1083,F9 B5,2024-05-08,18:42:00,SpaceX,LEO,17100.0,"Kennedy, LC‑39A",1,1,-80.603956,28.608058,True,3,B5,1.0,1.0,2,5,2024,68,5,1,1,1,1,green
333,B1082,F9 B5,2024-05-10,04:30:00,SpaceX,LEO,16300.0,"Vandenberg, SLC-4E",1,1,-120.610829,34.632093,True,4,B5,1.0,1.0,4,5,2024,67,5,1,2,1,1,green
334,B1073,F9 B5,2024-05-13,00:53:00,SpaceX,LEO,17100.0,"Cape Canaveral, SLC-40",1,1,-80.577366,28.561857,True,15,B5,1.0,1.0,0,5,2024,60,5,1,0,1,1,green
335,B1063,F9 B5,2024-05-14,18:39:00,SpaceX,LEO,16300.0,"Vandenberg, SLC-4E",1,1,-120.610829,34.632093,True,18,B5,1.0,1.0,1,5,2024,56,5,1,2,1,1,green
336,B1062,F9 B5,2024-05-18,00:32:00,SpaceX,LEO,17100.0,"Cape Canaveral, SLC-40",1,1,-80.577366,28.561857,True,21,B5,1.0,1.0,5,5,2024,55,5,1,0,1,1,green
338,B1080,F9 B5,2024-05-23,02:35:00,SpaceX,LEO,17100.0,"Cape Canaveral, SLC-40",1,1,-80.577366,28.561857,True,8,B5,1.0,1.0,3,5,2024,65,5,1,0,1,1,green
339,B1077,F9 B5,2024-05-24,02:45:00,SpaceX,LEO,17100.0,"Kennedy, LC‑39A",1,1,-80.603956,28.608058,True,13,B5,1.0,1.0,4,5,2024,63,5,1,1,1,1,green
340,B1078,F9 B5,2024-05-28,14:24:00,SpaceX,LEO,17100.0,"Cape Canaveral, SLC-40",1,1,-80.577366,28.561857,True,10,B5,1.0,1.0,1,5,2024,64,5,1,0,1,1,green
341,B1081,F9 B5,2024-05-28,22:20:00,ESA,SSO,2350.0,"Vandenberg, SLC-4E",1,1,-120.610829,34.632093,True,7,B5,1.0,1.0,1,5,2024,66,11,1,2,1,1,green
342,B1076,F9 B5,2024-06-01,02:37:00,SpaceX,LEO,17100.0,"Cape Canaveral, SLC-40",1,1,-80.577366,28.561857,True,14,B5,1.0,1.0,5,6,2024,62,5,1,0,1,1,green
343,B1067,F9 B5,2024-06-05,02:16:00,SpaceX,LEO,16300.0,"Cape Canaveral, SLC-40",1,1,-80.577366,28.561857,True,20,B5,1.0,1.0,2,6,2024,57,5,1,0,1,1,green
344,B1069,F9 B5,2024-06-08,01:56:00,SpaceX,LEO,16700.0,"Cape Canaveral, SLC-40",1,1,-80.577366,28.561857,True,16,B5,1.0,1.0,5,6,2024,58,5,1,0,1,1,green
345,B1061,F9 B5,2024-06-08,12:58:00,SpaceX,LEO,16300.0,"Vandenberg, SLC-4E",1,1,-120.610829,34.632093,True,21,B5,1.0,1.0,5,6,2024,54,5,1,2,1,1,green
346,B1082,F9 B5,2024-06-19,03:40:00,SpaceX,LEO,16300.0,"Vandenberg, SLC-4E",1,1,-120.610829,34.632093,True,5,B5,1.0,1.0,2,6,2024,67,5,1,2,1,1,green
347,B1080,F9 B5,2024-06-20,21:35:00,SES,GTO,5000.0,"Cape Canaveral, SLC-40",1,1,-80.577366,28.561857,True,9,B5,1.0,1.0,3,6,2024,65,2,1,0,1,1,green
348,B1078,F9 B5,2024-06-23,17:15:00,SpaceX,LEO,16700.0,"Cape Canaveral, SLC-40",1,1,-80.577366,28.561857,True,11,B5,1.0,1.0,6,6,2024,64,5,1,0,1,1,green
349,B1075,F9 B5,2024-06-24,03:47:00,SpaceX,LEO,16300.0,"Vandenberg, SLC-4E",1,1,-120.610829,34.632093,True,11,B5,1.0,1.0,0,6,2024,61,5,1,2,1,1,green
350,B1062,F9 B5,2024-06-27,11:14:00,SpaceX,LEO,17100.0,"Cape Canaveral, SLC-40",1,1,-80.577366,28.561857,True,22,B5,1.0,1.0,3,6,2024,55,5,1,0,1,1,green
352,B1073,F9 B5,2024-07-03,08:55:00,SpaceX,LEO,16300.0,"Cape Canaveral, SLC-40",1,1,-80.577366,28.561857,True,16,B5,1.0,1.0,2,7,2024,60,5,1,0,1,1,green
353,B1076,F9 B5,2024-07-08,23:30:00,Türksat,GTO,4250.0,"Cape Canaveral, SLC-40",1,1,-80.577366,28.561857,True,15,B5,1.0,1.0,0,7,2024,62,2,1,0,1,1,green
354,B1063,F9 B5,2024-07-12,02:35:00,SpaceX,LEO,16300.0,"Vandenberg, SLC-4E",0,1,-120.610829,34.632093,True,19,B5,1.0,1.0,4,7,2024,56,5,1,2,1,1,red
355,B1069,F9 B5,2024-07-27,05:45:00,SpaceX,LEO,17100.0,"Kennedy, LC‑39A",1,1,-80.603956,28.608058,True,17,B5,1.0,1.0,5,7,2024,58,5,1,1,1,1,green
356,B1077,F9 B5,2024-07-28,05:09:00,SpaceX,LEO,17100.0,"Cape Canaveral, SLC-40",1,1,-80.577366,28.561857,True,14,B5,1.0,1.0,6,7,2024,63,5,1,0,1,1,green
357,B1071,F9 B5,2024-07-28,09:22:00,SpaceX,LEO,16500.0,"Vandenberg, SLC-4E",1,1,-120.610829,34.632093,True,17,B5,1.0,1.0,6,7,2024,59,5,1,2,1,1,green
358,B1078,F9 B5,2024-08-02,05:01:00,SpaceX,LEO,17100.0,"Kennedy, LC‑39A",1,1,-80.603956,28.608058,True,12,B5,1.0,1.0,4,8,2024,64,5,1,1,1,1,green
359,B1082,F9 B5,2024-08-04,07:24:00,SpaceX,LEO,17100.0,"Vandenberg, SLC-4E",1,1,-120.610829,34.632093,True,6,B5,1.0,1.0,6,8,2024,67,5,1,2,1,1,green
360,B1080,F9 B5,2024-08-04,15:02:00,Northrop Grumman,LEO,3857.0,"Cape Canaveral, SLC-40",1,1,-80.577366,28.561857,True,10,B5,1.0,1.0,6,8,2024,65,5,1,0,1,1,green
361,B1067,F9 B5,2024-08-10,12:50:00,SpaceX,LEO,16500.0,"Cape Canaveral, SLC-40",1,1,-80.577366,28.561857,True,21,B5,1.0,1.0,5,8,2024,57,5,1,0,1,1,green
362,B1061,F9 B5,2024-08-12,02:02:00,Space Norway,Molniya,7230.0,"Vandenberg, SLC-4E",1,1,-120.610829,34.632093,True,22,B5,1.0,1.0,0,8,2024,54,7,1,2,1,1,green
363,B1073,F9 B5,2024-08-12,10:37:00,SpaceX,LEO,17100.0,"Kennedy, LC‑39A",1,1,-80.603956,28.608058,True,17,B5,1.0,1.0,0,8,2024,60,5,1,1,1,1,green
364,B1076,F9 B5,2024-08-15,13:00:00,Maxar Technologies,LEO,1500.0,"Cape Canaveral, SLC-40",1,1,-80.577366,28.561857,True,16,B5,1.0,1.0,3,8,2024,62,5,1,0,1,1,green
366,B1085,F9 B5,2024-08-20,13:20:00,SpaceX,LEO,16700.0,"Vandenberg, SLC-4E",1,1,-120.610829,34.632093,True,1,B5,1.0,1.0,1,8,2024,69,5,1,2,1,1,green
367,B1062,F9 B5,2024-08-28,07:48:00,SpaceX,LEO,16700.0,"Cape Canaveral, SLC-40",1,0,-80.577366,28.561857,True,23,B5,1.0,1.0,2,8,2024,55,5,1,0,1,1,green
368,B1069,F9 B5,2024-08-31,07:43:00,SpaceX,LEO,16700.0,"Cape Canaveral, SLC-40",1,1,-80.577366,28.561857,True,18,B5,1.0,1.0,5,8,2024,58,5,1,0,1,1,green
369,B1081,F9 B5,2024-08-31,08:48:00,SpaceX,LEO,16700.0,"Vandenberg, SLC-4E",1,1,-120.610829,34.632093,True,9,B5,1.0,1.0,5,8,2024,66,5,1,2,1,1,green
370,B1077,F9 B5,2024-09-05,15:33:00,SpaceX,LEO,16700.0,"Vandenberg, SLC-4E",1,1,-120.610829,34.632093,True,15,B5,1.0,1.0,3,9,2024,63,5,1,2,1,1,green
372,B1083,F9 B5,2024-09-10,09:23:00,Polaris Program,LEO,13000.0,"Kennedy, LC‑39A",1,1,-80.603956,28.608058,True,4,B5,1.0,1.0,1,9,2024,68,5,1,1,1,1,green
373,B1078,F9 B5,2024-09-12,08:52:00,AST SpaceMobile,LEO,7500.0,"Cape Canaveral, SLC-40",1,1,-80.577366,28.561857,True,13,B5,1.0,1.0,3,9,2024,64,5,1,0,1,1,green
374,B1071,F9 B5,2024-09-13,01:45:00,SpaceX,LEO,16700.0,"Vandenberg, SLC-4E",1,1,-120.610829,34.632093,True,18,B5,1.0,1.0,4,9,2024,59,5,1,2,1,1,green
375,B1067,F9 B5,2024-09-17,22:50:00,ESA,MEO,1600.0,"Vandenberg, SLC-4E",1,1,-120.610829,34.632093,True,22,B5,1.0,1.0,1,9,2024,57,6,1,2,1,1,green
376,B1075,F9 B5,2024-09-20,13:50:00,SpaceX,LEO,16300.0,"Vandenberg, SLC-4E",1,1,-120.610829,34.632093,True,13,B5,1.0,1.0,4,9,2024,61,5,1,2,1,1,green
377,B1081,F9 B5,2024-09-25,04:01:00,SpaceX,LEO,16300.0,"Vandenberg, SLC-4E",1,1,-120.610829,34.632093,True,10,B5,1.0,1.0,2,9,2024,66,5,1,2,1,1,green
378,B1085,F9 B5,2024-09-28,17:17:00,NASA,LEO,13000.0,"Vandenberg, SLC-4E",1,1,-120.610829,34.632093,True,2,B5,1.0,1.0,5,9,2024,69,5,1,2,1,1,green
379,B1061,F9 B5,2024-10-07,14:52:00,ESA,Heliocentric,1108.0,"Cape Canaveral, SLC-40",1,0,-80.577366,28.561857,True,23,B5,1.0,1.0,0,10,2024,54,4,1,0,1,1,green
380,B1080,F9 B5,2024-10-15,06:10:00,SpaceX,LEO,17100.0,"Cape Canaveral, SLC-40",1,1,-80.577366,28.561857,True,11,B5,1.0,1.0,1,10,2024,65,5,1,0,1,1,green
381,B1071,F9 B5,2024-10-15,08:21:00,SpaceX,LEO,16300.0,"Vandenberg, SLC-4E",1,1,-120.610829,34.632093,True,19,B5,1.0,1.0,1,10,2024,59,5,1,2,1,1,green
382,B1076,F9 B5,2024-10-18,23:31:00,SpaceX,LEO,16300.0,"Cape Canaveral, SLC-40",1,1,-80.577366,28.561857,True,17,B5,1.0,1.0,4,10,2024,62,5,1,0,1,1,green
383,B1082,F9 B5,2024-10-20,05:13:00,OneWeb,Polar LEO,2954.0,"Vandenberg, SLC-4E",1,1,-120.610829,34.632093,True,7,B5,1.0,1.0,6,10,2024,67,8,1,2,1,1,green
384,B1073,F9 B5,2024-10-23,21:47:00,SpaceX,LEO,17100.0,"Cape Canaveral, SLC-40",1,1,-80.577366,28.561857,True,18,B5,1.0,1.0,2,10,2024,60,5,1,0,1,1,green
386,B1069,F9 B5,2024-10-26,21:47:00,SpaceX,LEO,16700.0,"Cape Canaveral, SLC-40",1,1,-80.577366,28.561857,True,19,B5,1.0,1.0,5,10,2024,58,5,1,0,1,1,green
387,B1075,F9 B5,2024-10-30,12:07:00,SpaceX,LEO,16300.0,"Vandenberg, SLC-4E",1,1,-120.610829,34.632093,True,14,B5,1.0,1.0,2,10,2024,61,5,1,2,1,1,green
388,B1078,F9 B5,2024-10-30,21:10:00,SpaceX,LEO,17100.0,"Cape Canaveral, SLC-40",1,1,-80.577366,28.561857,True,14,B5,1.0,1.0,2,10,2024,64,5,1,0,1,1,green
389,B1083,F9 B5,2024-11-05,02:29:00,NASA,LEO,2762.0,"Kennedy, LC‑39A",1,1,-80.603956,28.608058,True,5,B5,1.0,1.0,1,11,2024,68,5,1,1,1,1,green
390,B1085,F9 B5,2024-11-07,20:19:00,SpaceX,LEO,17100.0,"Cape Canaveral, SLC-40",1,1,-80.577366,28.561857,True,3,B5,1.0,1.0,3,11,2024,69,5,1,0,1,1,green
391,B1081,F9 B5,2024-11-09,06:14:00,SpaceX,LEO,16300.0,"Vandenberg, SLC-4E",1,1,-120.610829,34.632093,True,11,B5,1.0,1.0,5,11,2024,66,5,1,2,1,1,green
